{
    "init": {
        "resize_factor": 0.2,
        "horizontal_bulge": 4.0000000000000007e-10,
        "vertical_bulge": 2.0000000000000003e-10
    },
    "dimensions": {
        "width": 0.92,
        "height": 0.555,
        "depth": 0.01
    },
    "crop": {
        "pts_src": [
            [
                56.2,
                6.800000000000001
            ],
            [
                51.800000000000004,
                888.6
            ],
            [
                1532.2,
                885.2
            ],
            [
                1526.4,
                4.0
            ]
        ],
        "width": 0.92,
        "height": 0.555,
        "in meters": true
    },
    "bulge_vertical": {
        "vertical_bulge": -1.6915815688365437e-08,
        "horizontal_center_offset": 0,
        "vertical_center_offset": 10
    },
    "bulge_horizontal": {
        "horizontal_bulge": -2.4547829674772222e-08,
        "horizontal_center_offset": 165,
        "vertical_center_offset": 28
    },
    "bulge": {
        "vertical_bulge": -1.6915815688365437e-08,
        "horizontal_bulge": -2.4547829674772222e-08,
        "horizontal_center_offset": 165,
        "vertical_center_offset": 28
    },
    "stretch": {
        "horizontal_stretch": -3.631439984774679e-08,
        "horizontal_center_offset": 0,
        "vertical_stretch": -8.912772478309283e-08,
        "vertical_center_offset": 0
    }
}
